{
  "id": "c2c5bb46-4f8e-4071-a232-ca88fb6514c8",
  "prevId": "00000000-0000-0000-0000-000000000000",
  "version": "7",
  "dialect": "postgresql",
  "tables": {
    "public.transactions": {
      "name": "transactions",
      "schema": "",
      "columns": {
        "id": {
          "name": "id",
          "type": "serial",
          "primaryKey": true,
          "notNull": true
        },
        "wallet_address": {
          "name": "wallet_address",
          "type": "text",
          "primaryKey": false,
          "notNull": true
        },
        "amount": {
          "name": "amount",
          "type": "numeric(10, 4)",
          "primaryKey": false,
          "notNull": true
        },
        "status": {
          "name": "status",
          "type": "text",
          "primaryKey": false,
          "notNull": true
        },
        "timestamp": {
          "name": "timestamp",
          "type": "text",
          "primaryKey": false,
          "notNull": true
        },
        "pong_credits": {
          "name": "pong_credits",
          "type": "integer",
          "primaryKey": false,
          "notNull": true,
          "default": 0
        },
        "transaction_signature": {
          "name": "transaction_signature",
          "type": "text",
          "primaryKey": false,
          "notNull": false
        },
        "pre_submission_id": {
          "name": "pre_submission_id",
          "type": "text",
          "primaryKey": false,
          "notNull": false
        },
        "expected_credits": {
          "name": "expected_credits",
          "type": "integer",
          "primaryKey": false,
          "notNull": false
        },
        "processing_attempts": {
          "name": "processing_attempts",
          "type": "integer",
          "primaryKey": false,
          "notNull": false,
          "default": 0
        },
        "last_processing_timestamp": {
          "name": "last_processing_timestamp",
          "type": "text",
          "primaryKey": false,
          "notNull": false
        }
      },
      "indexes": {},
      "foreignKeys": {},
      "compositePrimaryKeys": {},
      "uniqueConstraints": {},
      "policies": {},
      "checkConstraints": {},
      "isRLSEnabled": false
    },
    "public.users": {
      "name": "users",
      "schema": "",
      "columns": {
        "id": {
          "name": "id",
          "type": "serial",
          "primaryKey": true,
          "notNull": true
        },
        "wallet_address": {
          "name": "wallet_address",
          "type": "text",
          "primaryKey": false,
          "notNull": true
        },
        "pong_credits": {
          "name": "pong_credits",
          "type": "integer",
          "primaryKey": false,
          "notNull": true,
          "default": 0
        },
        "last_updated": {
          "name": "last_updated",
          "type": "text",
          "primaryKey": false,
          "notNull": true
        }
      },
      "indexes": {},
      "foreignKeys": {},
      "compositePrimaryKeys": {},
      "uniqueConstraints": {
        "users_wallet_address_unique": {
          "name": "users_wallet_address_unique",
          "nullsNotDistinct": false,
          "columns": [
            "wallet_address"
          ]
        }
      },
      "policies": {},
      "checkConstraints": {},
      "isRLSEnabled": false
    }
  },
  "enums": {},
  "schemas": {},
  "sequences": {},
  "roles": {},
  "policies": {},
  "views": {},
  "_meta": {
    "columns": {},
    "schemas": {},
    "tables": {}
  }
}